{"stats":{"minecraft:picked_up":{"minecraft:gravel":1},"minecraft:used":{"tombstone:gift":2},"minecraft:custom":{"minecraft:jump":27,"minecraft:time_since_rest":310,"minecraft:crouch_one_cm":24,"minecraft:walk_on_water_one_cm":219,"minecraft:deaths":1,"minecraft:sprint_one_cm":1333,"minecraft:play_time":3419,"minecraft:damage_taken":520,"minecraft:time_since_death":2041,"minecraft:walk_one_cm":20913,"minecraft:sneak_time":7,"minecraft:total_world_time":3419,"minecraft:walk_under_water_one_cm":268,"minecraft:fall_one_cm":4782,"minecraft:fly_one_cm":737},"minecraft:mined":{"minecraft:gravel":1}},"DataVersion":3120}