{"stats":{"minecraft:picked_up":{"butchercraft:leather_scrap":7,"butchercraft:lamb_scraps":5,"butchercraft:beef_scraps":9,"butchercraft:cow_carcass":1,"minecraft:dirt":3,"minecraft:white_wool":2},"minecraft:killed":{"minecraft:sheep":3,"minecraft:cow":5},"minecraft:dropped":{"butchercraft:cow_carcass":2},"minecraft:custom":{"minecraft:time_since_rest":5771,"minecraft:play_time":5771,"minecraft:sprint_one_cm":17599,"minecraft:damage_taken":50,"minecraft:walk_one_cm":21886,"minecraft:walk_under_water_one_cm":767,"minecraft:mob_kills":8,"minecraft:drop":2,"minecraft:jump":77,"minecraft:damage_dealt":785,"minecraft:leave_game":1,"minecraft:time_since_death":5771,"minecraft:walk_on_water_one_cm":2529,"minecraft:total_world_time":5771,"minecraft:fall_one_cm":2544,"minecraft:fly_one_cm":13410},"minecraft:mined":{"minecraft:grass":1,"minecraft:grass_block":1,"minecraft:dirt":4},"minecraft:used":{"butchercraft:gut_knife":5,"butchercraft:lamb_scraps":2,"minecraft:netherite_sword":3,"minecraft:dirt":1,"butchercraft:butcher_knife":8}},"DataVersion":3120}