{
  "butchercraft:recipes/butchercraft.items/cooked_beef_scraps_from_campfire_cooking": {
    "criteria": {
      "has_beef_scraps": "2024-08-02 20:55:41 +0000"
    },
    "done": true
  },
  "minecraft:recipes/building_blocks/purple_wool": {
    "criteria": {
      "has_white_wool": "2024-08-02 20:53:40 +0000"
    },
    "done": true
  },
  "butchercraft:butcherknife": {
    "criteria": {
      "butcherknife": "2024-08-02 20:55:14 +0000"
    },
    "done": true
  },
  "minecraft:recipes/building_blocks/lime_wool": {
    "criteria": {
      "has_white_wool": "2024-08-02 20:53:40 +0000"
    },
    "done": true
  },
  "travelersbackpack:recipes/travelersbackpack/white_sleeping_bag": {
    "criteria": {
      "has_white_wool": "2024-08-02 20:53:40 +0000"
    },
    "done": true
  },
  "butchercraft:recipes/butchercraft.items/beef_block_to_scraps": {
    "criteria": {
      "has_beef": "2024-08-02 20:55:41 +0000"
    },
    "done": true
  },
  "butchercraft:cow": {
    "criteria": {
      "cow": "2024-08-02 20:55:04 +0000"
    },
    "done": true
  },
  "minecraft:recipes/building_blocks/black_wool": {
    "criteria": {
      "has_white_wool": "2024-08-02 20:53:40 +0000"
    },
    "done": true
  },
  "minecraft:recipes/building_blocks/blue_wool": {
    "criteria": {
      "has_white_wool": "2024-08-02 20:53:40 +0000"
    },
    "done": true
  },
  "minecraft:recipes/decorations/white_bed": {
    "criteria": {
      "has_white_wool": "2024-08-02 20:53:40 +0000"
    },
    "done": true
  },
  "minecraft:recipes/building_blocks/green_wool": {
    "criteria": {
      "has_white_wool": "2024-08-02 20:53:40 +0000"
    },
    "done": true
  },
  "butchercraft:recipes/butchercraft.items/lamb_block_to_scraps": {
    "criteria": {
      "has_lamb": "2024-08-02 20:53:42 +0000"
    },
    "done": true
  },
  "minecraft:recipes/building_blocks/brown_wool": {
    "criteria": {
      "has_white_wool": "2024-08-02 20:53:40 +0000"
    },
    "done": true
  },
  "morevillagers:root": {
    "criteria": {
      "always": "2024-08-02 20:51:47 +0000"
    },
    "done": true
  },
  "butchercraft:recipes/butchercraft.items/cooked_lamb_scraps_from_smoking": {
    "criteria": {
      "has_lamb_scraps": "2024-08-02 20:53:42 +0000"
    },
    "done": true
  },
  "minecraft:adventure/adventuring_time": {
    "criteria": {
      "minecraft:river": "2024-08-02 20:52:23 +0000",
      "minecraft:forest": "2024-08-02 20:51:48 +0000",
      "minecraft:plains": "2024-08-02 20:52:13 +0000"
    },
    "done": false
  },
  "minecraft:recipes/building_blocks/magenta_wool": {
    "criteria": {
      "has_white_wool": "2024-08-02 20:53:40 +0000"
    },
    "done": true
  },
  "minecraft:recipes/building_blocks/orange_wool": {
    "criteria": {
      "has_white_wool": "2024-08-02 20:53:40 +0000"
    },
    "done": true
  },
  "minecraft:husbandry/root": {
    "criteria": {
      "consumed_item": "2024-08-02 20:53:48 +0000"
    },
    "done": true
  },
  "iceandfire:iceandfire/root": {
    "criteria": {
      "tick": "2024-08-02 20:51:47 +0000"
    },
    "done": true
  },
  "minecraft:recipes/transportation/birch_boat": {
    "criteria": {
      "in_water": "2024-08-02 20:52:22 +0000"
    },
    "done": true
  },
  "butchercraft:recipes/butchercraft.items/cooked_lamb_scraps_from_smelting": {
    "criteria": {
      "has_lamb_scraps": "2024-08-02 20:53:42 +0000"
    },
    "done": true
  },
  "minecraft:recipes/decorations/painting": {
    "criteria": {
      "has_wool": "2024-08-02 20:53:40 +0000"
    },
    "done": true
  },
  "minecraft:recipes/transportation/mangrove_boat": {
    "criteria": {
      "in_water": "2024-08-02 20:52:22 +0000"
    },
    "done": true
  },
  "minecraft:recipes/transportation/acacia_boat": {
    "criteria": {
      "in_water": "2024-08-02 20:52:22 +0000"
    },
    "done": true
  },
  "butchercraft:recipes/butchercraft.items/pork_scrap_to_ground_pork": {
    "criteria": {
      "has_pork_scrap": "2024-08-02 20:55:41 +0000"
    },
    "done": true
  },
  "minecraft:recipes/building_blocks/cyan_wool": {
    "criteria": {
      "has_white_wool": "2024-08-02 20:53:40 +0000"
    },
    "done": true
  },
  "butchercraft:recipes/butchercraft.items/mutton_scrap_to_ground_mutton": {
    "criteria": {
      "has_mutton_scrap": "2024-08-02 20:53:42 +0000"
    },
    "done": true
  },
  "minecraft:adventure/root": {
    "criteria": {
      "killed_something": "2024-08-02 20:53:40 +0000"
    },
    "done": true
  },
  "minecraft:recipes/transportation/jungle_boat": {
    "criteria": {
      "in_water": "2024-08-02 20:52:22 +0000"
    },
    "done": true
  },
  "minecraft:recipes/transportation/spruce_boat": {
    "criteria": {
      "in_water": "2024-08-02 20:52:22 +0000"
    },
    "done": true
  },
  "minecraft:recipes/building_blocks/light_blue_wool": {
    "criteria": {
      "has_white_wool": "2024-08-02 20:53:40 +0000"
    },
    "done": true
  },
  "farmersdelight:main/root": {
    "criteria": {
      "seeds": "2024-08-02 20:52:57 +0000"
    },
    "done": true
  },
  "minecraft:recipes/transportation/dark_oak_boat": {
    "criteria": {
      "in_water": "2024-08-02 20:52:22 +0000"
    },
    "done": true
  },
  "minecraft:recipes/building_blocks/pink_wool": {
    "criteria": {
      "has_white_wool": "2024-08-02 20:53:40 +0000"
    },
    "done": true
  },
  "tombstone:adventure/root": {
    "criteria": {
      "auto": "2024-08-02 20:51:48 +0000"
    },
    "done": true
  },
  "minecraft:recipes/building_blocks/gray_wool": {
    "criteria": {
      "has_white_wool": "2024-08-02 20:53:40 +0000"
    },
    "done": true
  },
  "butchercraft:recipes/butchercraft.items/beef_block": {
    "criteria": {
      "has_beef": "2024-08-02 20:55:41 +0000"
    },
    "done": true
  },
  "butchercraft:recipes/butchercraft.items/lamb_block": {
    "criteria": {
      "has_lamb": "2024-08-02 20:53:42 +0000"
    },
    "done": true
  },
  "minecraft:recipes/decorations/white_carpet": {
    "criteria": {
      "has_white_wool": "2024-08-02 20:53:40 +0000"
    },
    "done": true
  },
  "butchercraft:gutknife": {
    "criteria": {
      "gutknife": "2024-08-02 20:55:16 +0000"
    },
    "done": true
  },
  "butchercraft:recipes/butchercraft.items/cooked_beef_scraps_from_smoking": {
    "criteria": {
      "has_beef_scraps": "2024-08-02 20:55:41 +0000"
    },
    "done": true
  },
  "butchercraft:recipes/butchercraft.items/cooked_beef_scraps_from_smelting": {
    "criteria": {
      "has_beef_scraps": "2024-08-02 20:55:41 +0000"
    },
    "done": true
  },
  "travelersbackpack:recipes/travelersbackpack/sheep": {
    "criteria": {
      "has_white_wool": "2024-08-02 20:53:40 +0000"
    },
    "done": true
  },
  "butchercraft:recipes/butchercraft.items/cooked_lamb_scraps_from_campfire_cooking": {
    "criteria": {
      "has_lamb_scraps": "2024-08-02 20:53:42 +0000"
    },
    "done": true
  },
  "orcz:orczchallenge": {
    "criteria": {
      "orczchallenge": "2024-08-02 20:51:47 +0000"
    },
    "done": true
  },
  "butchercraft:recipes/butchercraft.items/taxidermy_cow": {
    "criteria": {
      "has_cow": "2024-08-02 20:55:04 +0000"
    },
    "done": true
  },
  "butchercraft:recipes/butchercraft.items/leather_cord": {
    "criteria": {
      "has_scrap": "2024-08-02 20:55:43 +0000"
    },
    "done": true
  },
  "minecraft:recipes/building_blocks/light_gray_wool": {
    "criteria": {
      "has_white_wool": "2024-08-02 20:53:40 +0000"
    },
    "done": true
  },
  "treasure2:grant_book_on_first_join": {
    "criteria": {
      "tick": "2024-08-02 20:51:47 +0000"
    },
    "done": true
  },
  "butchercraft:recipes/butchercraft.items/beef_scrap_to_ground_beef": {
    "criteria": {
      "has_beef_scrap": "2024-08-02 20:55:41 +0000"
    },
    "done": true
  },
  "minecraft:recipes/building_blocks/red_wool": {
    "criteria": {
      "has_white_wool": "2024-08-02 20:53:40 +0000"
    },
    "done": true
  },
  "minecraft:recipes/decorations/white_banner": {
    "criteria": {
      "has_white_wool": "2024-08-02 20:53:40 +0000"
    },
    "done": true
  },
  "minecraft:recipes/transportation/oak_boat": {
    "criteria": {
      "in_water": "2024-08-02 20:52:22 +0000"
    },
    "done": true
  },
  "butchercraft:root": {
    "criteria": {
      "tick": "2024-08-02 20:55:14 +0000"
    },
    "done": true
  },
  "minecraft:recipes/building_blocks/yellow_wool": {
    "criteria": {
      "has_white_wool": "2024-08-02 20:53:40 +0000"
    },
    "done": true
  },
  "butchercraft:bloody": {
    "criteria": {
      "bloody": "2024-08-02 20:55:05 +0000"
    },
    "done": true
  },
  "butchercraft:trail": {
    "criteria": {
      "trail": "2024-08-02 20:55:05 +0000"
    },
    "done": true
  },
  "DataVersion": 3120
}